{
    "include": [
        "."
    ],
    "reportMissingImports": "none",
    "reportMissingTypeStubs": "none",
    "reportUnusedImport": "none",
    "reportUnusedVariable": "none",
    "reportGeneralTypeIssues": "none",
    "reportOptionalMemberAccess": "none",
    "reportOptionalSubscript": "none",
    "reportPrivateImportUsage": "none",
    "reportUnknownMemberType": "none",
    "reportUnknownArgumentType": "none",
    "reportUnknownVariableType": "none",
    "reportAttributeAccessIssue": "none",
    "reportUnknownParameterType": "none",
    "reportMissingParameterType": "none",
    "reportUntypedFunctionDecorator": "none",
    "reportUntypedClassDecorator": "none",
    "reportUntypedBaseClass": "none",
    "reportUntypedNamedTuple": "none",
    "reportIncompatibleMethodOverride": "none",
    "reportIncompatibleVariableOverride": "none",
    "reportCallInDefaultInitializer": "none",
    "reportUnnecessaryIsInstance": "none",
    "reportUnnecessaryCast": "none",
    "reportAssertAlwaysTrue": "none",
    "reportSelfClsParameterName": "none",
    "reportImplicitStringConcatenation": "none",
    "reportUndefinedVariable": "none",
    "reportUnboundVariable": "none",
    "reportInvalidStringEscapeSequence": "none",
    "reportUnknownLambdaType": "none",
    "reportInvalidTypeVarUse": "none",
    "reportInvalidTypeForm": "none",
    "reportConstantRedefinition": "none",
    "reportDuplicateImport": "none",
    "reportWildcardImportFromLibrary": "none",
    "typeCheckingMode": "off",
    "pythonVersion": "3.11"
}
